{
  "case_prices": {
    "common_envelope": 500,
    "rare_envelope": 85,
    "common_case": 35,
    "rare_case": 10,
    "mif_case": 1,
    "sketch_case": 0.2,
    "crystal_case": 0.25,
    "random_case": 0.125,
    "item_case": 0.125,
    "equipment_case": 0.125,
    "rune_case": 0.1,
    "gooditem_case": 0.02,
    "skin_case": 0.01666667,
    "void_case": 0.004,
    "singular_case": 0.0008888
  },
  "case_prices_2": {
    "Конверт": 500,
    "Редкий Конверт": 85,
    "Кейс": 35,
    "Редкий Кейс": 10,
    "Мифический Кейс": 1,
    "Портфель С Эскизами": 0.2,
    "Кристальный Кейс": 0.25,
    "Дайс Кейс": 0.125,
    "Сумка С Предметами": 0.125,
    "Ящик С Экипировкой": 0.125,
    "Рунический Мешочек": 0.1,
    "Чемодан С Предметами": 0.02,
    "Косметический Кейс": 0.01666667,
    "Звёздный Кейс": 0.004,
    "Сингулярный Кейс": 0.0008888
  },
  "item_prices": {
    "Обычный": 5.493877548571429,
    "Хороший": 12.489795914285713,
    "Отличный": 44.82993197142857,
    "Великолепный": 177.7142857142857,
    "Невероятный": 496.69387754285714,
    "Мастерский": 1548.4897958142858,
    "Экзотический": 4319.986394388571
  },
  "equipment_prices": {
    "Обычный": 5.171428568571429,
    "Необычный": 15.408163257142858,
    "Редкий": 60.99387752857143,
    "Эпический": 239.63265298571426,
    "Легендарный": 1244.6537411857141,
    "Мифический": 4045.5918356714287,
    "Реликтовый": 5261.959183674286
  },
  "boost_prices": {
    "Деньги": {
      "×2": {
        "5 мин.": {
          "sf": 2,
          "mif": 0.25
        }
      },
      "×5": {
        "5 мин.": {
          "sf": 6,
          "mif": 0.75
        }
      },
      "×10": {
        "5 мин.": {
          "sf": 14,
          "mif": 1.75
        }
      },
      "×50": {
        "5 мин.": {
          "sf": 30,
          "mif": 3.75
        }
      },
      "×100": {
        "5 мин.": {
          "sf": 62,
          "mif": 7.75
        }
      },
      "×500": {
        "5 мин.": {
          "sf": 126,
          "mif": 15.75
        }
      }
    },
    "Руда": {
      "×2": {
        "10 мин.": {
          "sf": 1,
          "mif": 0.125
        },
        "30 мин.": {
          "sf": 2,
          "mif": 0.25
        },
        "1 ч.": {
          "sf": 4,
          "mif": 0.5
        },
        "2 ч.": {
          "sf": 8,
          "mif": 1.0
        }
      },
      "×5": {
        "10 мин.": {
          "sf": 3,
          "mif": 0.375
        },
        "30 мин.": {
          "sf": 6,
          "mif": 0.75
        },
        "1 ч.": {
          "sf": 12,
          "mif": 1.5
        },
        "2 ч.": {
          "sf": 24,
          "mif": 3.0
        }
      },
      "×10": {
        "10 мин.": {
          "sf": 7,
          "mif": 0.875
        },
        "30 мин.": {
          "sf": 14,
          "mif": 1.75
        },
        "1 ч.": {
          "sf": 28,
          "mif": 3.5
        },
        "2 ч.": {
          "sf": 56,
          "mif": 7.0
        }
      },
      "×20": {
        "10 мин.": {
          "sf": 13,
          "mif": 1.625
        },
        "30 мин.": {
          "sf": 26,
          "mif": 3.25
        },
        "1 ч.": {
          "sf": 52,
          "mif": 6.5
        },
        "2 ч.": {
          "sf": 104,
          "mif": 13.0
        }
      },
      "×50": {
        "10 мин.": {
          "sf": 21,
          "mif": 2.625
        },
        "30 мин.": {
          "sf": 42,
          "mif": 5.25
        },
        "1 ч.": {
          "sf": 84,
          "mif": 10.5
        },
        "2 ч.": {
          "sf": 168,
          "mif": 21.0
        }
      },
      "×100": {
        "10 мин.": {
          "sf": 37,
          "mif": 4.625
        },
        "30 мин.": {
          "sf": 74,
          "mif": 9.25
        },
        "1 ч.": {
          "sf": 148,
          "mif": 18.5
        },
        "2 ч.": {
          "sf": 296,
          "mif": 37.0
        }
      }
    },
    "Плазма": {
      "×2": {
        "5 мин.": {
          "sf": 1.5,
          "mif": 0.1875
        },
        "10 мин.": {
          "sf": 3,
          "mif": 0.375
        },
        "30 мин.": {
          "sf": 6,
          "mif": 0.75
        },
        "1 ч.": {
          "sf": 12,
          "mif": 1.5
        }
      },
      "×5": {
        "5 мин.": {
          "sf": 4.5,
          "mif": 0.5625
        },
        "10 мин.": {
          "sf": 9,
          "mif": 1.125
        },
        "30 мин.": {
          "sf": 18,
          "mif": 2.25
        },
        "1 ч.": {
          "sf": 36,
          "mif": 4.5
        }
      },
      "×10": {
        "5 мин.": {
          "sf": 10.5,
          "mif": 1.3125
        },
        "10 мин.": {
          "sf": 21,
          "mif": 2.625
        },
        "30 мин.": {
          "sf": 42,
          "mif": 5.25
        },
        "1 ч.": {
          "sf": 84,
          "mif": 10.5
        }
      },
      "×20": {
        "5 мин.": {
          "sf": 19.5,
          "mif": 2.4375
        },
        "10 мин.": {
          "sf": 39,
          "mif": 4.875
        },
        "30 мин.": {
          "sf": 78,
          "mif": 9.75
        },
        "1 ч.": {
          "sf": 156,
          "mif": 19.5
        }
      },
      "×50": {
        "5 мин.": {
          "sf": 31.5,
          "mif": 3.9375
        },
        "10 мин.": {
          "sf": 63,
          "mif": 7.875
        },
        "30 мин.": {
          "sf": 126,
          "mif": 15.75
        },
        "1 ч.": {
          "sf": 252,
          "mif": 31.5
        }
      },
      "×100": {
        "5 мин.": {
          "sf": 55.5,
          "mif": 6.9375
        },
        "10 мин.": {
          "sf": 111,
          "mif": 13.875
        },
        "30 мин.": {
          "sf": 222,
          "mif": 27.75
        },
        "1 ч.": {
          "sf": 380,
          "mif": 47.5
        }
      }
    }
  },
  "mif_price": 3.5
}
